{"is_source_file": false, "format": "", "description": "", "external_files": [], "external_methods": [], "published": [], "classes": [], "methods": [], "calls": [], "search-terms": [], "state": 2, "file_id": 1, "knowledge_revision": 10, "git_revision": "0791935f7505b9a68533c07014721846dc7a3dad", "hash": "e1fd6a304e85b11783238a1d48fb027b", "format-version": 4, "code-base-name": "travel_planner_database", "filename": "README.md", "revision_history": [{"10": "0791935f7505b9a68533c07014721846dc7a3dad"}]}