{"is_source_file": true, "format": "bash", "description": "A universal database backup shell script that detects and backs up SQLite, PostgreSQL, MySQL, and MongoDB databases based on their availability and configuration. It performs checks for each database type, handles different connection methods, and provides feedback on the backup process.", "external_files": ["/usr/lib/postgresql/", "/var/run/mysqld/mysqld.sock"], "external_methods": ["ls", "cp", "sudo -u postgres pg_isready", "ls", "mysqladmin ping", "mysql", "mysqldump", "mongosh", "mongodump"], "published": [], "classes": [], "methods": [], "calls": ["ls", "cp", "sudo -u postgres pg_isready", "mysqladmin ping", "mysql", "mysqldump", "mongosh", "mongodump"], "search-terms": ["backup_script", "database detection", "DB_NAME", "DB_USER", "DB_PASSWORD", "DB_PORT", "SQLite backup", "PostgreSQL backup", "MySQL backup", "MongoDB backup", "shell script"], "state": 2, "file_id": 4, "knowledge_revision": 12, "git_revision": "59b5fa840689a633c8b392ca2aaa8958e08b633d", "hash": "7af9aa35fa4940f934d83f6e2621b732", "format-version": 4, "code-base-name": "travel_planner_database", "filename": "travel_planner_database/backup_db.sh", "revision_history": [{"12": "59b5fa840689a633c8b392ca2aaa8958e08b633d"}]}