{"is_source_file": false, "format": "", "description": "", "external_files": [], "external_methods": [], "published": [], "classes": [], "methods": [], "calls": [], "search-terms": [], "state": 2, "file_id": 5, "knowledge_revision": 11, "git_revision": "59b5fa840689a633c8b392ca2aaa8958e08b633d", "hash": "ee63333a4841bf025439c755a74c9881", "format-version": 4, "code-base-name": "travel_planner_database", "filename": "travel_planner_database/db_visualizer/public/index.html", "revision_history": [{"11": "59b5fa840689a633c8b392ca2aaa8958e08b633d"}]}