{"is_source_file": true, "format": "bash/shell script", "description": "A universal database restore script that detects backup types and restores corresponding databases (SQLite, PostgreSQL, MySQL, MongoDB). It includes logic for different database systems and fallback mechanisms.", "external_files": ["database_backup.db", "database_backup.sql", "database_backup.archive"], "external_methods": ["pg_isready", "psql", "mysqladmin", "mysql", "mongosh", "mongorestore"], "published": [], "classes": [], "methods": [], "calls": ["ls", "cp", "sudo -u postgres pg_isready", "PGPASSWORD", "psql", "mysqladmin ping", "mysql", "mongosh", "mongorestore", "echo"], "search-terms": ["restore_db.sh", "database restore", "multi-database restore", "SQLite restore", "PostgreSQL restore", "MySQL restore", "MongoDB restore", "backup detection"], "state": 2, "file_id": 3, "knowledge_revision": 14, "git_revision": "59b5fa840689a633c8b392ca2aaa8958e08b633d", "hash": "67505395c0df4c9c001ab8f47571f3fb", "format-version": 4, "code-base-name": "travel_planner_database", "filename": "travel_planner_database/restore_db.sh", "revision_history": [{"14": "59b5fa840689a633c8b392ca2aaa8958e08b633d"}]}