{"is_source_file": false, "format": "", "description": "", "external_files": [], "external_methods": [], "published": [], "classes": [], "methods": [], "calls": [], "search-terms": ["SCHEMA_APPLIED.md", "PostgreSQL schema", "seed data", "UUID strategy", "foreign keys", "indexes", "seed data inserted", "verification query"], "state": 2, "file_id": 8, "knowledge_revision": 17, "git_revision": "", "hash": "311c38f42ab2935a66ac2f3e3a3cfbe3", "format-version": 4, "code-base-name": "travel_planner_database", "filename": "travel_planner_database/SCHEMA_APPLIED.md", "revision_history": [{"17": ""}]}