{"is_source_file": false, "format": "", "description": "", "external_files": [], "external_methods": [], "published": [], "classes": [], "methods": [], "calls": [], "search-terms": [], "state": 2, "file_id": 6, "knowledge_revision": 9, "git_revision": "59b5fa840689a633c8b392ca2aaa8958e08b633d", "hash": "0c9f36dfd1a6dee9fa952c06ab7d9563", "format-version": 4, "code-base-name": "travel_planner_database", "filename": "travel_planner_database/db_visualizer/package.json", "revision_history": [{"9": "59b5fa840689a633c8b392ca2aaa8958e08b633d"}]}