{"is_source_file": true, "format": "bash", "description": "This is a startup script for initializing and managing a PostgreSQL database server, including checks for existing instances, initialization, permissions setup, and environment configuration.", "external_files": ["/usr/lib/postgresql/${PG_VERSION}/bin/pg_isready", "/usr/lib/postgresql/${PG_VERSION}/bin/initdb", "/usr/lib/postgresql/${PG_VERSION}/bin/postgres", "/usr/lib/postgresql/${PG_VERSION}/bin/psql", "/usr/lib/postgresql/${PG_VERSION}/bin/createdb"], "external_methods": ["ls", "sudo", "pgrep", "cat", "sleep"], "published": [], "classes": [], "methods": [], "calls": ["ls", "sudo -u postgres pg_isready", "sudo -u postgres psql", "sudo -u postgres initdb", "sudo -u postgres postgres", "sudo -u postgres createdb", "cat", "sleep"], "search-terms": ["PostgreSQL", "startup", "initialization", "bash script", "database setup", "permissions", "pg_isready", "initdb", "start server"], "state": 2, "file_id": 2, "knowledge_revision": 13, "git_revision": "59b5fa840689a633c8b392ca2aaa8958e08b633d", "hash": "fa2aa67ea0a7c72f7c0958282f15a864", "format-version": 4, "code-base-name": "travel_planner_database", "filename": "travel_planner_database/startup.sh", "revision_history": [{"13": "59b5fa840689a633c8b392ca2aaa8958e08b633d"}]}